"AccessionNumber","Length","CreateDate","Source","Category","Family"
"PP539711","147048",2024-04-20,"Faxonius rusticus nudivirus",NA,"Nudiviridae"
"PP539710","144948",2024-04-20,"Faxonius virilis nudivirus",NA,"Nudiviridae"
"PP539709","130164",2024-04-20,"Faxonius propinquus nudivirus",NA,"Nudiviridae"
"OQ725696","99336",2023-11-13,"Menippe mercenaria nudivirus",NA,"Nudiviridae"
"OR596894","129467",2023-10-28,"Apis mellifera nudivirus",NA,"Nudiviridae"
"BK063656","126408",2023-08-24,"Oryctes rhinoceros nudivirus",NA,"Nudiviridae"
"OP831191","123988",2023-02-19,"Oryctes rhinoceros nudivirus",NA,"Nudiviridae"
"OP831187","124855",2023-02-19,"Oryctes rhinoceros nudivirus",NA,"Nudiviridae"
"OP831186","125840",2023-02-19,"Oryctes rhinoceros nudivirus",NA,"Nudiviridae"
"OP831189","125830",2023-02-19,"Oryctes rhinoceros nudivirus",NA,"Nudiviridae"
"OP831190","125660",2023-02-19,"Oryctes rhinoceros nudivirus",NA,"Nudiviridae"
"OP831188","125879",2023-02-19,"Oryctes rhinoceros nudivirus",NA,"Nudiviridae"
"NC_076946","113840",2023-05-04,"Carcinus maenas nudivirus",NA,"Nudiviridae"
"NC_076945","132068",2023-05-04,"Crangon crangon nudivirus",NA,"Nudiviridae"
"NC_076232","154465",2023-05-04,"Mauternbach virus",NA,"Nudiviridae"
"NC_074969","228089",2023-05-04,"Heliothis zea nudivirus",NA,"Nudiviridae"
"ON063013","231768",2023-02-18,"Heliothis virescens nudivirus (HvNV)",NA,"Nudiviridae"
"ON931348","124925",2022-12-20,"Oryctes rhinoceros nudivirus",NA,"Nudiviridae"
"ON931347","125794",2022-12-20,"Oryctes rhinoceros nudivirus",NA,"Nudiviridae"
"MT833891","189841",2022-10-26,"Phenacoccus solenopsis nudivirus",NA,"Nudiviridae"
"ON638996","122436",2022-09-06,"Callinectes sapidus nudivirus",NA,"Nudiviridae"
"ON061174","108983",2022-04-17,"Aratus pisonii nudivirus",NA,"Nudiviridae"
"MW484891","108126",2021-12-22,"Macrobrachium rosenbergii nudivirus",NA,"Nudiviridae"
"MZ311578","113840",2021-10-11,"Carcinus maenas nudivirus",NA,"Nudiviridae"
"MZ311577","132068",2021-10-11,"Crangon crangon nudivirus",NA,"Nudiviridae"
"MW298154","126039",2021-10-04,"Oryctes rhinoceros nudivirus",NA,"Nudiviridae"
"MW298153","125905",2021-10-04,"Oryctes rhinoceros nudivirus",NA,"Nudiviridae"
"MZ727584","124926",2021-10-02,"Oryctes rhinoceros nudivirus",NA,"Nudiviridae"
"NC_033829","152388",2017-02-27,"Kallithea virus",NA,"Nudiviridae"
"MG969167","154465",2018-11-09,"Mauternbach virus",NA,"Nudiviridae"
"KY608910","183261",2018-01-23,"Esparto virus",NA,"Nudiviridae"
"KY457233","112307",2017-12-06,"Tomelloso virus",NA,"Nudiviridae"
"KX130344","152388",2017-02-18,"Kallithea virus",NA,"Nudiviridae"
"NC_055571","107063",2021-06-01,"Homarus gammarus nudivirus",NA,"Nudiviridae"
"MT488302","119695",2020-07-22,"Dikerogammarus haemobaphes nudivirus",NA,"Nudiviridae"
"MT150137","125846",2020-06-03,"Oryctes rhinoceros nudivirus",NA,"Nudiviridae"
"MN623374","125917",2020-01-19,"Oryctes rhinoceros nudivirus",NA,"Nudiviridae"
"NC_040789","112307",2019-02-12,"Tomelloso virus",NA,"Nudiviridae"
"NC_040699","155555",2019-02-12,"Drosophila innubila nudivirus",NA,"Nudiviridae"
"NC_040536","183261",2019-02-12,"Esparto virus",NA,"Nudiviridae"
"MK439999","107063",2019-02-16,"Homarus gammarus nudivirus",NA,"Nudiviridae"
"NC_026242","145704",2015-01-23,"Tipula oleracea nudivirus",NA,"Nudiviridae"
"NC_024692","119638",2014-08-22,"Penaeus monodon nudivirus",NA,"Nudiviridae"
"NC_004156","231621",2002-08-30,"Helicoverpa zea nudivirus 2",NA,"Nudiviridae"
"NC_011588","127615",2008-11-17,"Oryctes rhinoceros nudivirus",NA,"Nudiviridae"
"NC_009240","96944",2007-03-30,"Gryllus bimaculatus nudivirus",NA,"Nudiviridae"
"MF966379","155555",2017-12-10,"Drosophila innubila nudivirus",NA,"Nudiviridae"
"KM610234","145704",2015-01-13,"Tipula oleracea nudivirus",NA,"Nudiviridae"
"KJ184318","119638",2014-07-31,"Penaeus monodon nudivirus",NA,"Nudiviridae"
"JN418988","231621",2011-12-27,"Helicoverpa zea nudivirus 2",NA,"Nudiviridae"
"AF451898","228089",2002-08-30,"Heliothis zea nudivirus 1",NA,"Nudiviridae"
"EU747721","127615",2008-11-15,"Oryctes rhinoceros nudivirus",NA,"Nudiviridae"
"EF203088","96944",2007-03-27,"Gryllus bimaculatus nudivirus",NA,"Nudiviridae"
"OR723730","80637",2024-04-23,"Nesodiprion zhejiangensis nucleopolyhedrovirus","alpha, gamma and delta","Baculoviridae"
"OR759961","132549",2024-04-21,"Leucoma salicis nucleopolyhedrovirus","alpha, gamma and delta","Baculoviridae"
"PP481892","127128",2024-04-10,"Alphabaculovirus bomori","alpha, gamma and delta","Baculoviridae"
"PP481893","128115",2024-04-10,"Alphabaculovirus bomori","alpha, gamma and delta","Baculoviridae"
"PP481894","127354",2024-04-10,"Alphabaculovirus bomori","alpha, gamma and delta","Baculoviridae"
"PP481895","128044",2024-04-10,"Alphabaculovirus bomori","alpha, gamma and delta","Baculoviridae"
"LC808156","127780",2024-04-06,"Bombyx mori nucleopolyhedrovirus","alpha, gamma and delta","Baculoviridae"
"PP449363","106633",2024-03-16,"Platynota idaeusalis granulovirus","beta","Baculoviridae"
"PP171514","177161",2024-01-30,"Calliteara abietis nucleopolyhedrovirus","alpha, gamma and delta","Baculoviridae"
"OR184841","152893",2024-01-17,"Mamestra configurata nucleopolyhedrovirus A","alpha, gamma and delta","Baculoviridae"
"OR184842","154656",2024-01-17,"Mamestra configurata nucleopolyhedrovirus A","alpha, gamma and delta","Baculoviridae"
"OR184843","152711",2024-01-17,"Mamestra configurata nucleopolyhedrovirus B","alpha, gamma and delta","Baculoviridae"
"OR184844","152176",2024-01-17,"Mamestra configurata nucleopolyhedrovirus B","alpha, gamma and delta","Baculoviridae"
"OR271605","152272",2024-01-17,"Mamestra configurata nucleopolyhedrovirus B","alpha, gamma and delta","Baculoviridae"
"PP048616","126575",2024-01-10,"Bombyx mori nucleopolyhedrovirus","alpha, gamma and delta","Baculoviridae"
"PP048617","125939",2024-01-10,"Bombyx mori nucleopolyhedrovirus","alpha, gamma and delta","Baculoviridae"
"PP048618","126783",2024-01-10,"Bombyx mori nucleopolyhedrovirus","alpha, gamma and delta","Baculoviridae"
"PP048619","126657",2024-01-10,"Bombyx mori nucleopolyhedrovirus","alpha, gamma and delta","Baculoviridae"
"PP048620","126253",2024-01-10,"Bombyx mori nucleopolyhedrovirus","alpha, gamma and delta","Baculoviridae"
"PP048621","126189",2024-01-10,"Bombyx mori nucleopolyhedrovirus","alpha, gamma and delta","Baculoviridae"
"PP048622","125888",2024-01-10,"Bombyx mori nucleopolyhedrovirus","alpha, gamma and delta","Baculoviridae"
"PP048623","126644",2024-01-10,"Bombyx mori nucleopolyhedrovirus","alpha, gamma and delta","Baculoviridae"
"LC790006","127783",2023-12-09,"Bombyx mori nucleopolyhedrovirus","alpha, gamma and delta","Baculoviridae"
"OR819345","112286",2023-12-06,"Cnaphalocrocis medinalis granulovirus","beta","Baculoviridae"
"OR651290","122998",2023-11-13,"Cydia pomonella granulovirus","beta","Baculoviridae"
"OR651292","120002",2023-11-13,"Cydia pomonella granulovirus","beta","Baculoviridae"
"OR651294","123818",2023-11-13,"Cydia pomonella granulovirus","beta","Baculoviridae"
"OR651296","121218",2023-11-13,"Cydia pomonella granulovirus","beta","Baculoviridae"
"OR743629","121196",2023-11-13,"Cydia pomonella granulovirus","beta","Baculoviridae"
"OR743658","122997",2023-11-13,"Cydia pomonella granulovirus","beta","Baculoviridae"
"OR743660","123004",2023-11-13,"Cydia pomonella granulovirus","beta","Baculoviridae"
"OR743664","121216",2023-11-13,"Cydia pomonella granulovirus","beta","Baculoviridae"
"OR743666","87241",2023-11-13,"Cydia pomonella granulovirus","beta","Baculoviridae"
"OR743668","120194",2023-11-13,"Cydia pomonella granulovirus","beta","Baculoviridae"
"OR743670","122776",2023-11-13,"Cydia pomonella granulovirus","beta","Baculoviridae"
"OR743674","123670",2023-11-13,"Cydia pomonella granulovirus","beta","Baculoviridae"
"OR743676","122952",2023-11-13,"Cydia pomonella granulovirus","beta","Baculoviridae"
"OR743680","92474",2023-11-13,"Cydia pomonella granulovirus","beta","Baculoviridae"
"OR743686","97631",2023-11-13,"Cydia pomonella granulovirus","beta","Baculoviridae"
"OR743688","121196",2023-11-13,"Cydia pomonella granulovirus","beta","Baculoviridae"
"OR743690","121195",2023-11-13,"Cydia pomonella granulovirus","beta","Baculoviridae"
"OR743692","121196",2023-11-13,"Cydia pomonella granulovirus","beta","Baculoviridae"
"OR743703","122843",2023-11-13,"Cydia pomonella granulovirus","beta","Baculoviridae"
"OR578550","120217",2023-10-25,"Malacosoma i nucleopolyhedrovirus","alpha, gamma and delta","Baculoviridae"
"OR557577","137803",2023-10-21,"Spodoptera litura nucleopolyhedrovirus","alpha, gamma and delta","Baculoviridae"
"OR290105","153032",2023-09-20,"Alphabaculovirus mabrassicae","alpha, gamma and delta","Baculoviridae"
"MW892740","154951",2023-09-07,"Melanchra picta nucleopolyhedrovirus (MepiNPV)","alpha, gamma and delta","Baculoviridae"
"MW892741","155060",2023-09-07,"Melanchra picta nucleopolyhedrovirus (MepiNPV)","alpha, gamma and delta","Baculoviridae"
"OQ735222","137925",2023-09-02,"Spodoptera littoralis nucleopolyhedrovirus","alpha, gamma and delta","Baculoviridae"
"OQ161604","130434",2023-06-19,"Helicoverpa SNPV AC53","alpha, gamma and delta","Baculoviridae"
"OQ161605","130434",2023-06-19,"Helicoverpa SNPV AC53","alpha, gamma and delta","Baculoviridae"
"OQ161606","130434",2023-06-19,"Helicoverpa SNPV AC53","alpha, gamma and delta","Baculoviridae"
"OQ161607","130435",2023-06-19,"Helicoverpa SNPV AC53","alpha, gamma and delta","Baculoviridae"
"OQ161608","130434",2023-06-19,"Helicoverpa SNPV AC53","alpha, gamma and delta","Baculoviridae"
"OQ161609","130434",2023-06-19,"Helicoverpa SNPV AC53","alpha, gamma and delta","Baculoviridae"
"OQ161610","130433",2023-06-19,"Helicoverpa SNPV AC53","alpha, gamma and delta","Baculoviridae"
"OQ161611","130434",2023-06-19,"Helicoverpa SNPV AC53","alpha, gamma and delta","Baculoviridae"
"OQ161612","130434",2023-06-19,"Helicoverpa SNPV AC53","alpha, gamma and delta","Baculoviridae"
"OQ161613","130433",2023-06-19,"Helicoverpa SNPV AC53","alpha, gamma and delta","Baculoviridae"
"OQ161614","130413",2023-06-19,"Helicoverpa SNPV AC53","alpha, gamma and delta","Baculoviridae"
"OQ161615","130434",2023-06-19,"Helicoverpa SNPV AC53","alpha, gamma and delta","Baculoviridae"
"OQ161616","130433",2023-06-19,"Helicoverpa SNPV AC53","alpha, gamma and delta","Baculoviridae"
"OQ161617","130410",2023-06-19,"Helicoverpa SNPV AC53","alpha, gamma and delta","Baculoviridae"
"OQ161618","130434",2023-06-19,"Helicoverpa SNPV AC53","alpha, gamma and delta","Baculoviridae"
"OK490347","153882",2023-06-01,"Mamestra brassicae multiple nucleopolyhedrovirus","alpha, gamma and delta","Baculoviridae"
"OQ024006","131182",2023-05-27,"Helicoverpa armigera nucleopolyhedrovirus","alpha, gamma and delta","Baculoviridae"
"OQ024007","123971",2023-05-27,"Helicoverpa armigera nucleopolyhedrovirus","alpha, gamma and delta","Baculoviridae"
"OP891564","136920",2023-05-22,"Dasychira pudibunda nucleopolyhedrovirus","alpha, gamma and delta","Baculoviridae"
"NC_076031","156647",2023-05-04,"Mythimna unipuncta nucleopolyhedrovirus (MyunNPV)","alpha, gamma and delta","Baculoviridae"
"NC_076246","128525",2023-05-04,"Spodoptera exigua multiple nucleopolyhedrovirus","alpha, gamma and delta","Baculoviridae"
"NC_076652","114825",2023-05-04,"Hyphantria cunea granulovirus","beta","Baculoviridae"
"NC_076682","128587",2023-05-04,"Rachiplusia nu nucleopolyhedrovirus","alpha, gamma and delta","Baculoviridae"
"NC_076692","122075",2023-05-04,"Dione juno nucleopolyhedrovirus","alpha, gamma and delta","Baculoviridae"
"NC_076728","161734",2023-05-04,"Euproctis digramma nucleopolyhedrovirus","alpha, gamma and delta","Baculoviridae"
"NC_076869","137373",2023-05-04,"Spodoptera eridania nucleopolyhedrovirus","alpha, gamma and delta","Baculoviridae"
"NC_076905","116875",2023-05-04,"Matsumuraeses phaseoli granulovirus","beta","Baculoviridae"
"NC_077025","130540",2023-05-04,"Chrysodeixis includens nucleopolyhedrovirus","alpha, gamma and delta","Baculoviridae"
"NC_077106","165657",2023-05-04,"Trabala vishnou gigantina nucleopolyhedrovirus","alpha, gamma and delta","Baculoviridae"
"NC_077147","142291",2023-05-04,"Olene mendosa nucleopolyhedrovirus","alpha, gamma and delta","Baculoviridae"
"NC_077155","125247",2023-05-04,"Erannis ankeraria nucleopolyhedrovirus","alpha, gamma and delta","Baculoviridae"
"OP562161","135253",2023-04-18,"Spodoptera exigua multiple nucleopolyhedrovirus","alpha, gamma and delta","Baculoviridae"
"MW380417","148412",2023-01-02,"Mythimna sequax nucleopolyhedrovirus","alpha, gamma and delta","Baculoviridae"
"OM066077","119883",2023-01-01,"Penaeus vannamei nucleopolyhedrovirus","alpha, gamma and delta","Baculoviridae"
"OM802163","158495",2022-12-14,"Lymantria dispar multiple nucleopolyhedrovirus","alpha, gamma and delta","Baculoviridae"
"OM802164","162528",2022-12-14,"Lymantria dispar multiple nucleopolyhedrovirus","alpha, gamma and delta","Baculoviridae"
"OP426321","82052",2022-11-15,"Neodiprion sertifer nucleopolyhedrovirus","alpha, gamma and delta","Baculoviridae"
"ON704650","114833",2022-11-12,"Parapoynx stagnalis nucleopolyhedrovirus","alpha, gamma and delta","Baculoviridae"
"MZ913724","103846",2022-11-06,"Darna trima granulovirus","beta","Baculoviridae"
"OK181759","132043",2022-10-29,"Ectropis obliqua nucleopolyhedrovirus","alpha, gamma and delta","Baculoviridae"
"OP589943","107139",2022-10-19,"Betabaculovirus sp. (gut metagenome)","beta","Baculoviridae"
"ON803509","103721",2022-10-12,"Psilogramma increta granulovirus","beta","Baculoviridae"
"OM746694","135756",2022-09-13,"Spodoptera exigua multiple nucleopolyhedrovirus","alpha, gamma and delta","Baculoviridae"
"MZ424046","123812",2022-09-12,"Plutella xylostella nucleopolyhedrovirus","alpha, gamma and delta","Baculoviridae"
"OL685370","117553",2022-06-18,"Palpita vitrealis nucleopolyhedrovirus","alpha, gamma and delta","Baculoviridae"
"MW650642","137155",2022-06-14,"Spodoptera litura nucleopolyhedrovirus","alpha, gamma and delta","Baculoviridae"
"MW650643","137655",2022-06-14,"Spodoptera litura nucleopolyhedrovirus","alpha, gamma and delta","Baculoviridae"
"MW650644","137284",2022-06-14,"Spodoptera litura nucleopolyhedrovirus","alpha, gamma and delta","Baculoviridae"
"MZ290131","137699",2022-05-24,"Spodoptera litura nucleopolyhedrovirus","alpha, gamma and delta","Baculoviridae"
"MW452938","136814",2022-05-03,"Trichoplusia ni single nucleopolyhedrovirus","alpha, gamma and delta","Baculoviridae"
"MW306663","109128",2022-04-17,"Pieris rapae granulovirus","beta","Baculoviridae"
"MZ766431","142291",2022-04-16,"Olene mendosa nucleopolyhedrovirus","alpha, gamma and delta","Baculoviridae"
"OK091173","125247",2022-02-06,"Erannis ankeraria nucleopolyhedrovirus","alpha, gamma and delta","Baculoviridae"
"OL686893","132540",2022-01-19,"Hyphantria cunea nucleopolyhedrovirus (HycuNPV)","alpha, gamma and delta","Baculoviridae"
"OL686894","130973",2022-01-19,"Hyphantria cunea nucleopolyhedrovirus (HycuNPV)","alpha, gamma and delta","Baculoviridae"
"MT810812","131404",2021-10-12,"Helicoverpa armigera nucleopolyhedrovirus","alpha, gamma and delta","Baculoviridae"
"MW496365","133965",2021-09-08,"Autographa californica nucleopolyhedrovirus","alpha, gamma and delta","Baculoviridae"
"MT561366","121377",2021-08-07,"Buzura suppressaria nucleopolyhedrovirus","alpha, gamma and delta","Baculoviridae"
"MW645368","165657",2021-08-04,"Trabala vishnou gigantina nucleopolyhedrovirus","alpha, gamma and delta","Baculoviridae"
"MT501299","127437",2021-07-12,"Bombyx mori nucleopolyhedrovirus","alpha, gamma and delta","Baculoviridae"
"MZ394738","132358",2021-06-26,"Ectropis obliqua nucleopolyhedrovirus","alpha, gamma and delta","Baculoviridae"
"MZ292981","132710",2021-06-20,"Spodoptera frugiperda multiple nucleopolyhedrovirus","alpha, gamma and delta","Baculoviridae"
"MZ127289","160849",2021-06-16,"Orgyia pseudotsugata single capsid nuclopolyhedrovirus","alpha, gamma and delta","Baculoviridae"
"MW842985","127582",2021-06-07,"Bombyx mori nucleopolyhedrovirus","alpha, gamma and delta","Baculoviridae"
"NC_055453","139089",2021-06-01,"Hyposidra talaca nucleopolyhedrovirus","alpha, gamma and delta","Baculoviridae"
"NC_055455","129528",2021-06-01,"Spodoptera exempta nucleopolyhedrovirus","alpha, gamma and delta","Baculoviridae"
"NC_055467","142900",2021-06-01,"Cyclophragma undans nucleopolyhedrovirus","alpha, gamma and delta","Baculoviridae"
"NC_055500","115728",2021-06-01,"Cryptophlebia peltastica nucleopolyhedrovirus","alpha, gamma and delta","Baculoviridae"
"NC_055502","149090",2021-06-01,"Spodoptera eridania nucleopolyhedrovirus","alpha, gamma and delta","Baculoviridae"
"MW173388","140684",2021-05-03,"Gynaephora ruoergensis nucleopolyhedrovirus","alpha, gamma and delta","Baculoviridae"
"MW162628","132696",2021-02-16,"Spodoptera frugiperda multiple nucleopolyhedrovirus","alpha, gamma and delta","Baculoviridae"
"MN099284","100941",2020-12-17,"Plutella xylostella granulovirus","beta","Baculoviridae"
"MN099285","100972",2020-12-17,"Plutella xylostella granulovirus","beta","Baculoviridae"
"MN099286","100999",2020-12-17,"Plutella xylostella granulovirus","beta","Baculoviridae"
"MT782112","162246",2020-11-22,"Lymantria dispar multiple nucleopolyhedrovirus","alpha, gamma and delta","Baculoviridae"
"MT782113","162282",2020-11-22,"Lymantria dispar multiple nucleopolyhedrovirus","alpha, gamma and delta","Baculoviridae"
"MT844067","116875",2020-10-03,"Matsumuraeses phaseoli granulovirus","beta","Baculoviridae"
"MT040195","137373",2020-09-28,"Spodoptera eridania nucleopolyhedrovirus","alpha, gamma and delta","Baculoviridae"
"MN320360","164221",2020-08-26,"Mamestra configurata nucleopolyhedrovirus A","alpha, gamma and delta","Baculoviridae"
"MN337871","153364",2020-08-26,"Mamestra configurata nucleopolyhedrovirus B","alpha, gamma and delta","Baculoviridae"
"MN395659","157635",2020-08-26,"Mamestra configurata nucleopolyhedrovirus A","alpha, gamma and delta","Baculoviridae"
"MK503923","132793",2020-08-13,"Spodoptera frugiperda multiple nucleopolyhedrovirus","alpha, gamma and delta","Baculoviridae"
"MK503924","134237",2020-08-13,"Spodoptera frugiperda multiple nucleopolyhedrovirus","alpha, gamma and delta","Baculoviridae"
"MK503925","132801",2020-08-13,"Spodoptera frugiperda multiple nucleopolyhedrovirus","alpha, gamma and delta","Baculoviridae"
"MN481987","140327",2020-06-17,"Spodoptera exigua multiple nucleopolyhedrovirus","alpha, gamma and delta","Baculoviridae"
"MN661137","159089",2020-04-08,"Lymantria dispar multiple nucleopolyhedrovirus","alpha, gamma and delta","Baculoviridae"
"MK419955","147763",2020-02-01,"Spodoptera cosmioides nucleopolyhedrovirus","alpha, gamma and delta","Baculoviridae"
"MK419956","128587",2020-02-01,"Rachiplusia nu nucleopolyhedrovirus","alpha, gamma and delta","Baculoviridae"
"MN342245","139327",2020-01-29,"Spodoptera litura nucleopolyhedrovirus","alpha, gamma and delta","Baculoviridae"
"LC500465","127618",2020-01-11,"Bombyx mori nucleopolyhedrovirus","alpha, gamma and delta","Baculoviridae"
"MN233792","161734",2020-01-11,"Artaxa digramma nucleopolyhedrovirus","alpha, gamma and delta","Baculoviridae"
"LC516821","122827",2020-01-09,"Choristoneura diversana nucleopolyhedrovirus","alpha, gamma and delta","Baculoviridae"
"MN696165","123705",2019-12-24,"Cydia pomonella granulovirus","beta","Baculoviridae"
"MN696166","123669",2019-12-24,"Cydia pomonella granulovirus","beta","Baculoviridae"
"MN696167","123702",2019-12-24,"Cydia pomonella granulovirus","beta","Baculoviridae"
"MN696168","123702",2019-12-24,"Cydia pomonella granulovirus","beta","Baculoviridae"
"MN696169","123392",2019-12-24,"Cydia pomonella granulovirus","beta","Baculoviridae"
"MN696170","123692",2019-12-24,"Cydia pomonella granulovirus","beta","Baculoviridae"
"MN696171","123759",2019-12-24,"Cydia pomonella granulovirus","beta","Baculoviridae"
"MK252969","154900",2019-12-21,"Mamestra configurata nucleopolyhedrovirus A","alpha, gamma and delta","Baculoviridae"
"MN542938","139637",2019-12-17,"Chrysodeixis includens nucleopolyhedrovirus","alpha, gamma and delta","Baculoviridae"
"MN542939","139470",2019-12-17,"Chrysodeixis includens nucleopolyhedrovirus","alpha, gamma and delta","Baculoviridae"
"MN689112","139113",2019-12-17,"Chrysodeixis includens nucleopolyhedrovirus","alpha, gamma and delta","Baculoviridae"
"MN689113","139074",2019-12-17,"Chrysodeixis includens nucleopolyhedrovirus","alpha, gamma and delta","Baculoviridae"
"MN689114","138760",2019-12-17,"Chrysodeixis includens nucleopolyhedrovirus","alpha, gamma and delta","Baculoviridae"
"MN689115","139046",2019-12-17,"Chrysodeixis includens nucleopolyhedrovirus","alpha, gamma and delta","Baculoviridae"
"MN689116","139225",2019-12-17,"Chrysodeixis includens nucleopolyhedrovirus","alpha, gamma and delta","Baculoviridae"
"MK409385","154860",2019-08-24,"Mamestra configurata nucleopolyhedrovirus A","alpha, gamma and delta","Baculoviridae"
"MK746083","130540",2019-08-18,"Chrysodeixis includens nucleopolyhedrovirus","alpha, gamma and delta","Baculoviridae"
"MN075941","123595",2019-08-06,"Cydia pomonella granulovirus","beta","Baculoviridae"
"MK558262","122075",2019-07-20,"Dione juno nucleopolyhedrovirus","alpha, gamma and delta","Baculoviridae"
"MK264918","164746",2019-07-06,"Lymantria dispar multiple nucleopolyhedrovirus","alpha, gamma and delta","Baculoviridae"
"NC_043520","120023",2019-06-28,"Lonomia obliqua multiple nucleopolyhedrovirus","alpha, gamma and delta","Baculoviridae"
"NC_043529","113971",2019-06-28,"Oxyplax ochracea nucleopolyhedrovirus","alpha, gamma and delta","Baculoviridae"
"NC_043530","148482",2019-06-28,"Mythimna unipuncta nucleopolyhedrovirus","alpha, gamma and delta","Baculoviridae"
"MK089451","162249",2019-06-26,"Lymantria dispar multiple nucleopolyhedrovirus","alpha, gamma and delta","Baculoviridae"
"MH077961","125148",2019-05-29,"Troides aeacus nucleopolyhedrovirus","alpha, gamma and delta","Baculoviridae"
"MK411291","160652",2019-05-20,"Lymantria dispar multiple nucleopolyhedrovirus","alpha, gamma and delta","Baculoviridae"
"MK411292","160631",2019-05-20,"Lymantria dispar multiple nucleopolyhedrovirus","alpha, gamma and delta","Baculoviridae"
"MK411293","161396",2019-05-20,"Lymantria dispar multiple nucleopolyhedrovirus","alpha, gamma and delta","Baculoviridae"
"KY979487","126930",2019-04-30,"Antheraea proylei nucleopolyhedrovirus","alpha, gamma and delta","Baculoviridae"
"MH923363","114825",2019-03-30,"Hyphantria cunea granulovirus","beta","Baculoviridae"
"MK507817","130691",2019-03-23,"Helicoverpa armigera nucleopolyhedrovirus","alpha, gamma and delta","Baculoviridae"
"MH577296","136031",2019-03-10,"Trichoplusia ni single nucleopolyhedrovirus (TnSNPV)","alpha, gamma and delta","Baculoviridae"
"MK033565","119095",2019-03-05,"Phthorimaea operculella granulovirus","beta","Baculoviridae"
"MK033566","118826",2019-03-05,"Phthorimaea operculella granulovirus","beta","Baculoviridae"
"MK033567","119061",2019-03-05,"Phthorimaea operculella granulovirus","beta","Baculoviridae"
"MK033568","119061",2019-03-05,"Phthorimaea operculella granulovirus","beta","Baculoviridae"
"MK033569","119139",2019-03-05,"Phthorimaea operculella granulovirus","beta","Baculoviridae"
"MK033570","119117",2019-03-05,"Phthorimaea operculella granulovirus","beta","Baculoviridae"
"MK033571","119157",2019-03-05,"Phthorimaea operculella granulovirus","beta","Baculoviridae"
"MK033572","119047",2019-03-05,"Phthorimaea operculella granulovirus","beta","Baculoviridae"
"MK033573","118863",2019-03-05,"Phthorimaea operculella granulovirus","beta","Baculoviridae"
"MK033574","119102",2019-03-05,"Phthorimaea operculella granulovirus","beta","Baculoviridae"
"MK033575","119080",2019-03-05,"Phthorimaea operculella granulovirus","beta","Baculoviridae"
"MK033576","118936",2019-03-05,"Phthorimaea operculella granulovirus","beta","Baculoviridae"
"MK293724","129018",2019-02-20,"Neophasia sp. alphabaculovirus","alpha, gamma and delta","Baculoviridae"
"NC_040606","130202",2019-02-12,"Malacosoma neustria nucleopolyhedrovirus","alpha, gamma and delta","Baculoviridae"
"NC_040621","119054",2019-02-12,"Operophtera brumata nucleopolyhedrovirus","alpha, gamma and delta","Baculoviridae"
"MG746625","131897",2019-02-01,"Anticarsia gemmatalis multiple nucleopolyhedrovirus","alpha, gamma and delta","Baculoviridae"
"MG746626","130956",2019-02-01,"Anticarsia gemmatalis multiple nucleopolyhedrovirus","alpha, gamma and delta","Baculoviridae"
"MH717816","129528",2019-01-29,"Spodoptera exempta nucleopolyhedrovirus","alpha, gamma and delta","Baculoviridae"
"MH797002","126930",2018-11-24,"Antheraea proylei nucleopolyhedrovirus","alpha, gamma and delta","Baculoviridae"
"MG958660","137099",2018-11-14,"Spodoptera littoralis nucleopolyhedrovirus","alpha, gamma and delta","Baculoviridae"
"MH370144","128525",2018-10-28,"Spodoptera exigua multiple nucleopolyhedrovirus","alpha, gamma and delta","Baculoviridae"
"MH124167","156647",2018-09-11,"Mythimna unipuncta nucleopolyhedrovirus (MyunNPV)","alpha, gamma and delta","Baculoviridae"
"MH320559","149090",2018-09-11,"Spodoptera eridania nucleopolyhedrovirus","alpha, gamma and delta","Baculoviridae"
"MH394321","115728",2018-09-04,"Cryptophlebia peltastica nucleopolyhedrovirus","alpha, gamma and delta","Baculoviridae"
"MG569706","129801",2018-09-03,"Helicoverpa assulta nucleopolyhedrovirus","alpha, gamma and delta","Baculoviridae"
"MH170055","139812",2018-09-03,"Spodoptera frugiperda granulovirus","beta","Baculoviridae"
"KY968317","130202",2018-08-29,"Malacosoma neustria nucleopolyhedrovirus","alpha, gamma and delta","Baculoviridae"
"NC_038369","137998",2018-08-24,"Spodoptera littoralis nucleopolyhedrovirus","alpha, gamma and delta","Baculoviridae"
"NC_038371","107439",2018-08-24,"Clostera anastomosis granulovirus B","beta","Baculoviridae"
"NC_038375","175360",2018-08-24,"Trichoplusia ni granulovirus LBIV-12","beta","Baculoviridae"
"NC_039213","131557",2018-08-24,"Agrotis segetum granulovirus","beta","Baculoviridae"
"MH261376","139089",2018-06-27,"Hyposidra talaca nucleopolyhedrovirus","alpha, gamma and delta","Baculoviridae"
"MF311096","162614",2018-05-17,"Lymantria dispar multiple nucleopolyhedrovirus","alpha, gamma and delta","Baculoviridae"
"LC375537","126270",2018-03-29,"Antheraea yamamai nucleopolyhedrovirus","alpha, gamma and delta","Baculoviridae"
"LC375538","126094",2018-03-29,"Samia cynthia nucleopolyhedrovirus","alpha, gamma and delta","Baculoviridae"
"LC375539","126324",2018-03-29,"Antheraea proylei nucleopolyhedrovirus","alpha, gamma and delta","Baculoviridae"
"LC375540","126646",2018-03-29,"Antheraea pernyi nucleopolyhedrovirus","alpha, gamma and delta","Baculoviridae"
"LC375541","125921",2018-03-29,"Samia ricini nucleopolyhedrovirus","alpha, gamma and delta","Baculoviridae"
"LC375542","128240",2018-03-29,"Samia ricini nucleopolyhedrovirus","alpha, gamma and delta","Baculoviridae"
"LC375543","128602",2018-03-29,"Samia ricini nucleopolyhedrovirus","alpha, gamma and delta","Baculoviridae"
"MF143631","113971",2018-02-14,"Oxyplax ochracea nucleopolyhedrovirus","alpha, gamma and delta","Baculoviridae"
"MF375894","148482",2018-02-04,"Mythimna unipuncta nucleopolyhedrovirus","alpha, gamma and delta","Baculoviridae"
"KY550224","136141",2018-01-24,"Spilosoma obliqua nucleopolyhedrosis virus","alpha, gamma and delta","Baculoviridae"
"MF974563","111334",2017-12-20,"Cryptophlebia leucotreta granulovirus","beta","Baculoviridae"
"MF614691","119054",2017-12-11,"Operophtera brumata nucleopolyhedrovirus","alpha, gamma and delta","Baculoviridae"
"KT957089","142900",2017-10-06,"Cyclophragma undans nucleopolyhedrovirus","alpha, gamma and delta","Baculoviridae"
"KX859079","102726",2017-09-30,"Erinnyis ello granulovirus","beta","Baculoviridae"
"KX859080","102685",2017-09-30,"Erinnyis ello granulovirus","beta","Baculoviridae"
"KX859081","102764",2017-09-30,"Erinnyis ello granulovirus","beta","Baculoviridae"
"KX859082","102745",2017-09-30,"Erinnyis ello granulovirus","beta","Baculoviridae"
"KX859083","102741",2017-09-30,"Erinnyis ello granulovirus","beta","Baculoviridae"
"KX859084","102616",2017-09-30,"Erinnyis ello granulovirus","beta","Baculoviridae"
"LC150780","127459",2017-08-05,"Bombyx mori nucleopolyhedrovirus","alpha, gamma and delta","Baculoviridae"
"LC194889","126593",2017-04-04,"Antheraea pernyi nucleopolyhedrovirus","alpha, gamma and delta","Baculoviridae"
"NC_033780","144673",2017-02-21,"Betabaculovirus altermyunipunctae","beta","Baculoviridae"
"KX855660","144673",2017-02-16,"Betabaculovirus altermyunipunctae","beta","Baculoviridae"
"KY249580","161727",2017-02-16,"Lymantria dispar multiple nucleopolyhedrovirus","alpha, gamma and delta","Baculoviridae"
"NC_032255","112536",2016-12-27,"Plodia interpunctella granulovirus (PiGV)","beta","Baculoviridae"
"KX151395","112536",2016-12-20,"Plodia interpunctella granulovirus (PiGV)","beta","Baculoviridae"
"NC_031761","131855",2016-11-10,"Anticarsia gemmatalis multiple nucleopolyhedrovirus","alpha, gamma and delta","Baculoviridae"
"KU752557","175360",2016-10-18,"Trichoplusia ni granulovirus LBIV-12","beta","Baculoviridae"
"KX618634","159729",2016-10-18,"Lymantria dispar multiple nucleopolyhedrovirus","alpha, gamma and delta","Baculoviridae"
"KU669289","140808",2016-09-12,"Chrysodeixis includens nucleopolyhedrovirus","alpha, gamma and delta","Baculoviridae"
"KU669290","138869",2016-09-12,"Chrysodeixis includens nucleopolyhedrovirus","alpha, gamma and delta","Baculoviridae"
"KU669291","140859",2016-09-12,"Chrysodeixis includens nucleopolyhedrovirus","alpha, gamma and delta","Baculoviridae"
"KU669292","140787",2016-09-12,"Chrysodeixis includens nucleopolyhedrovirus","alpha, gamma and delta","Baculoviridae"
"KU669293","139181",2016-09-12,"Chrysodeixis includens nucleopolyhedrovirus","alpha, gamma and delta","Baculoviridae"
"KU669294","139116",2016-09-12,"Chrysodeixis includens nucleopolyhedrovirus","alpha, gamma and delta","Baculoviridae"
"KU377538","157270",2016-08-15,"Lymantria dispar multiple nucleopolyhedrovirus","alpha, gamma and delta","Baculoviridae"
"KU666536","119004",2016-08-11,"Phthorimaea operculella granulovirus","beta","Baculoviridae"
"KU666537","100941",2016-08-11,"Plutella xylostella granulovirus","beta","Baculoviridae"
"LF131928","133894",2016-07-29,"Autographa californica nucleopolyhedrovirus","alpha, gamma and delta","Baculoviridae"
"LF131929","134417",2016-07-29,"Plutella xylostella multiple nucleopolyhedrovirus","alpha, gamma and delta","Baculoviridae"
"LF131930","131526",2016-07-29,"Rachiplusia ou multiple nucleopolyhedrovirus","alpha, gamma and delta","Baculoviridae"
"LF131931","128413",2016-07-29,"Bombyx mori nucleopolyhedrovirus","alpha, gamma and delta","Baculoviridae"
"LF131932","111953",2016-07-29,"Maruca vitrata nucleopolyhedrovirus","alpha, gamma and delta","Baculoviridae"
"LF131933","131160",2016-07-29,"Choristoneura fumiferana DEF multiple nucleopolyhedrovirus (CfDEFNPV)","alpha, gamma and delta","Baculoviridae"
"LF131934","132239",2016-07-29,"Anticarsia gemmatalis nucleopolyhedrovirus","alpha, gamma and delta","Baculoviridae"
"LF131935","118584",2016-07-29,"Epiphyas postvittana nucleopolyhedrovirus","alpha, gamma and delta","Baculoviridae"
"LF131936","126629",2016-07-29,"Antheraea pernyi nucleopolyhedrovirus","alpha, gamma and delta","Baculoviridae"
"LF131939","132959",2016-07-29,"Hyphantria cunea nucleopolyhedrovirus","alpha, gamma and delta","Baculoviridae"
"KU697902","118582",2016-06-29,"Autographa californica nucleopolyhedrovirus","alpha, gamma and delta","Baculoviridae"
"KU697903","138991",2016-06-29,"Autographa californica nucleopolyhedrovirus","alpha, gamma and delta","Baculoviridae"
"NC_030240","128058",2016-05-31,"Catopsilia pomona nucleopolyhedrovirus","alpha, gamma and delta","Baculoviridae"
"KU565883","128058",2016-05-24,"Catopsilia pomona nucleopolyhedrovirus","alpha, gamma and delta","Baculoviridae"
"NC_029996","134272",2016-04-29,"Mocis latipes granulovirus","beta","Baculoviridae"
"NC_029997","105555",2016-04-29,"Urbanus proteus nucleopolyhedrovirus","alpha, gamma and delta","Baculoviridae"
"KR011717","105555",2016-04-22,"Urbanus proteus nucleopolyhedrovirus","alpha, gamma and delta","Baculoviridae"
"KR011718","134272",2016-04-22,"Mocis latipes granulovirus","beta","Baculoviridae"
"KU529791","100980",2016-03-21,"Plutella xylostella granulovirus","beta","Baculoviridae"
"KU529792","101004",2016-03-21,"Plutella xylostella granulovirus","beta","Baculoviridae"
"KU529793","100986",2016-03-21,"Plutella xylostella granulovirus","beta","Baculoviridae"
"KU529794","100978",2016-03-21,"Plutella xylostella granulovirus","beta","Baculoviridae"
"KU862282","161006",2016-03-14,"Lymantria dispar multiple nucleopolyhedrovirus","alpha, gamma and delta","Baculoviridae"
"KT626570","164478",2016-03-13,"Lymantria dispar multiple nucleopolyhedrovirus","alpha, gamma and delta","Baculoviridae"
"KT626571","162658",2016-03-13,"Lymantria dispar multiple nucleopolyhedrovirus","alpha, gamma and delta","Baculoviridae"
"KT626572","161321",2016-03-13,"Lymantria dispar multiple nucleopolyhedrovirus","alpha, gamma and delta","Baculoviridae"
"KP763670","120023",2016-03-10,"Lonomia obliqua multiple nucleopolyhedrovirus","alpha, gamma and delta","Baculoviridae"
"KU738896","130460",2016-03-08,"Helicoverpa SNPV AC53","alpha, gamma and delta","Baculoviridae"
"KU738897","130443",2016-03-08,"Helicoverpa SNPV AC53","alpha, gamma and delta","Baculoviridae"
"KU738898","130442",2016-03-08,"Helicoverpa SNPV AC53","alpha, gamma and delta","Baculoviridae"
"KU738899","130435",2016-03-08,"Helicoverpa SNPV AC53","alpha, gamma and delta","Baculoviridae"
"KU738900","130437",2016-03-08,"Helicoverpa SNPV AC53","alpha, gamma and delta","Baculoviridae"
"KU738901","130437",2016-03-08,"Helicoverpa SNPV AC53","alpha, gamma and delta","Baculoviridae"
"KU738902","130440",2016-03-08,"Helicoverpa SNPV AC53","alpha, gamma and delta","Baculoviridae"
"KU738903","130436",2016-03-08,"Helicoverpa SNPV AC53","alpha, gamma and delta","Baculoviridae"
"KU738904","130439",2016-03-08,"Helicoverpa SNPV AC53","alpha, gamma and delta","Baculoviridae"
"NC_029304","111248",2016-02-22,"Cnaphalocrocis medinalis granulovirus","beta","Baculoviridae"
"KU593505","111248",2016-02-16,"Cnaphalocrocis medinalis granulovirus","beta","Baculoviridae"
"KP658210","112060",2016-02-10,"Cnaphalocrocis medinalis granulovirus","beta","Baculoviridae"
"KR815455","131678",2015-12-09,"Anticarsia gemmatalis multiple nucleopolyhedrovirus","alpha, gamma and delta","Baculoviridae"
"KR815456","131172",2015-12-09,"Anticarsia gemmatalis multiple nucleopolyhedrovirus","alpha, gamma and delta","Baculoviridae"
"KR815457","130745",2015-12-09,"Anticarsia gemmatalis multiple nucleopolyhedrovirus","alpha, gamma and delta","Baculoviridae"
"KR815458","130506",2015-12-09,"Anticarsia gemmatalis multiple nucleopolyhedrovirus","alpha, gamma and delta","Baculoviridae"
"KR815459","130741",2015-12-09,"Anticarsia gemmatalis multiple nucleopolyhedrovirus","alpha, gamma and delta","Baculoviridae"
"KR815460","132126",2015-12-09,"Anticarsia gemmatalis multiple nucleopolyhedrovirus","alpha, gamma and delta","Baculoviridae"
"KR815461","131494",2015-12-09,"Anticarsia gemmatalis multiple nucleopolyhedrovirus","alpha, gamma and delta","Baculoviridae"
"KR815462","131059",2015-12-09,"Anticarsia gemmatalis multiple nucleopolyhedrovirus","alpha, gamma and delta","Baculoviridae"
"KR815463","131543",2015-12-09,"Anticarsia gemmatalis multiple nucleopolyhedrovirus","alpha, gamma and delta","Baculoviridae"
"KR815464","132176",2015-12-09,"Anticarsia gemmatalis multiple nucleopolyhedrovirus","alpha, gamma and delta","Baculoviridae"
"KR815465","131216",2015-12-09,"Anticarsia gemmatalis multiple nucleopolyhedrovirus","alpha, gamma and delta","Baculoviridae"
"KR815466","131855",2015-12-09,"Anticarsia gemmatalis multiple nucleopolyhedrovirus","alpha, gamma and delta","Baculoviridae"
"KR815467","130740",2015-12-09,"Anticarsia gemmatalis multiple nucleopolyhedrovirus","alpha, gamma and delta","Baculoviridae"
"KR815468","130698",2015-12-09,"Anticarsia gemmatalis multiple nucleopolyhedrovirus","alpha, gamma and delta","Baculoviridae"
"KR815469","132180",2015-12-09,"Anticarsia gemmatalis multiple nucleopolyhedrovirus","alpha, gamma and delta","Baculoviridae"
"KR815470","130949",2015-12-09,"Anticarsia gemmatalis multiple nucleopolyhedrovirus","alpha, gamma and delta","Baculoviridae"
"KR815471","132077",2015-12-09,"Anticarsia gemmatalis multiple nucleopolyhedrovirus","alpha, gamma and delta","Baculoviridae"
"NC_028636","135952",2015-12-08,"Sucra jujuba nucleopolyhedrovirus","alpha, gamma and delta","Baculoviridae"
"NC_028491","98392",2015-12-03,"Diatraea saccharalis granulovirus","beta","Baculoviridae"
"KF891883","134239",2015-11-30,"Spodoptera frugiperda multiple nucleopolyhedrovirus","alpha, gamma and delta","Baculoviridae"
"KP296186","98392",2015-11-30,"Diatraea saccharalis granulovirus","beta","Baculoviridae"
"KM986882","121268",2015-10-30,"Buzura suppressaria nucleopolyhedrovirus","alpha, gamma and delta","Baculoviridae"
"KP747440","136761",2015-10-18,"Dasychira pudibunda nucleopolyhedrovirus","alpha, gamma and delta","Baculoviridae"
"NC_027923","132831",2015-10-07,"Perigonia lusca single nucleopolyhedrovirus","alpha, gamma and delta","Baculoviridae"
"KM609482","133926",2015-09-30,"Autographa californica multiple nucleopolyhedrovirus","alpha, gamma and delta","Baculoviridae"
"KT013224","136760",2015-09-19,"Helicoverpa armigera nucleopolyhedrovirus","alpha, gamma and delta","Baculoviridae"
"KM596836","132831",2015-09-15,"Perigonia lusca single nucleopolyhedrovirus","alpha, gamma and delta","Baculoviridae"
"KR091910","107439",2015-07-29,"Clostera anastomosis granulovirus B","beta","Baculoviridae"
"KR584663","131557",2015-07-01,"Agrotis segetum granulovirus","beta","Baculoviridae"
"KM596835","129694",2015-06-30,"Helicoverpa zea single nucleopolyhedrovirus","alpha, gamma and delta","Baculoviridae"
"NC_026922","157977",2015-04-28,"Lambdina fiscellaria nucleopolyhedrovirus","alpha, gamma and delta","Baculoviridae"
"KJ701029","131966",2015-04-22,"Helicoverpa armigera nucleopolyhedrovirus","alpha, gamma and delta","Baculoviridae"
"KJ701030","130949",2015-04-22,"Helicoverpa armigera nucleopolyhedrovirus","alpha, gamma and delta","Baculoviridae"
"KJ701031","130992",2015-04-22,"Helicoverpa armigera nucleopolyhedrovirus","alpha, gamma and delta","Baculoviridae"
"KJ701032","132481",2015-04-22,"Helicoverpa armigera nucleopolyhedrovirus","alpha, gamma and delta","Baculoviridae"
"KJ701033","132265",2015-04-22,"Helicoverpa armigera nucleopolyhedrovirus","alpha, gamma and delta","Baculoviridae"
"KP752043","157977",2015-04-22,"Lambdina fiscellaria nucleopolyhedrovirus","alpha, gamma and delta","Baculoviridae"
"KP027546","164158",2015-03-08,"Lymantria dispar multiple nucleopolyhedrovirus","alpha, gamma and delta","Baculoviridae"
"NC_026511","140913",2015-02-26,"Spodoptera frugiperda granulovirus","beta","Baculoviridae"
"KM371112","140913",2015-02-16,"Spodoptera frugiperda granulovirus","beta","Baculoviridae"
"NC_026430","125767",2015-02-06,"Condylorrhiza vestigialis mutiple nucleopolyhedrovirus (CoveMNPV)","alpha, gamma and delta","Baculoviridae"
"KJ631623","125767",2015-01-31,"Condylorrhiza vestigialis mutiple nucleopolyhedrovirus (CoveMNPV)","alpha, gamma and delta","Baculoviridae"
"NC_026268","139132",2015-01-31,"Pseudoplusia includens SNPV IE (PsinSNPV-IE)","alpha, gamma and delta","Baculoviridae"
"KJ631622","139132",2015-01-18,"Pseudoplusia includens SNPV IE (PsinSNPV-IE)","alpha, gamma and delta","Baculoviridae"
"KM226332","99507",2015-01-04,"Adoxophyes orana granulovirus","beta","Baculoviridae"
"NC_025960","148981",2014-12-23,"Agrotis segetum nucleopolyhedrovirus B (AgseNPV-B)","alpha, gamma and delta","Baculoviridae"
"KM102981","148981",2014-12-14,"Agrotis segetum nucleopolyhedrovirus B (AgseNPV-B)","alpha, gamma and delta","Baculoviridae"
"KM386655","161712",2014-11-22,"Lymantria dispar multiple nucleopolyhedrovirus (LdMNPV-3029)","alpha, gamma and delta","Baculoviridae"
"KM667940","133966",2014-11-02,"Autographa californica nucleopolyhedrovirus","alpha, gamma and delta","Baculoviridae"
"KJ676450","135952",2014-10-29,"Sucra jujuba nucleopolyhedrovirus","alpha, gamma and delta","Baculoviridae"
"KM217573","123193",2014-10-27,"Cydia pomonella granulovirus","beta","Baculoviridae"
"KM217574","120816",2014-10-27,"Cydia pomonella granulovirus","beta","Baculoviridae"
"KM217575","123529",2014-10-27,"Cydia pomonella granulovirus","beta","Baculoviridae"
"KM217576","124269",2014-10-27,"Cydia pomonella granulovirus","beta","Baculoviridae"
"KM217577","123858",2014-10-27,"Cydia pomonella granulovirus","beta","Baculoviridae"
"NC_025257","102759",2014-10-16,"Erinnyis ello granulovirus","beta","Baculoviridae"
"KJ186100","126861",2014-10-13,"Bombyx mori nucleopolyhedrovirus","alpha, gamma and delta","Baculoviridae"
"KJ406702","102759",2014-10-13,"Erinnyis ello granulovirus","beta","Baculoviridae"
"KJ871680","153890",2014-08-30,"Mamestra brassicae multiple nucleopolyhedrovirus","alpha, gamma and delta","Baculoviridae"
"NC_024625","151109",2014-08-06,"Peridroma alphabaculovirus","alpha, gamma and delta","Baculoviridae"
"KJ909666","130442",2014-07-29,"Helicoverpa SNPV AC53","alpha, gamma and delta","Baculoviridae"
"KJ922128","130440",2014-07-29,"Helicoverpa armigera SNPV","alpha, gamma and delta","Baculoviridae"
"KM009991","151109",2014-07-12,"Peridroma alphabaculovirus","alpha, gamma and delta","Baculoviridae"
"KC994902","131442",2014-05-12,"Agrotis segetum granulovirus","beta","Baculoviridae"
"KJ004000","130890",2014-03-26,"Helicoverpa zea single nucleopolyhedrovirus","alpha, gamma and delta","Baculoviridae"
"NC_023681","152710",2014-03-11,"Mamestra brassicae multiple nucleopolyhedrovirus","alpha, gamma and delta","Baculoviridae"
"NC_023442","120420",2014-02-13,"Buzura suppressaria nucleopolyhedrovirus","alpha, gamma and delta","Baculoviridae"
"KF611977","120420",2014-02-05,"Buzura suppressaria nucleopolyhedrovirus","alpha, gamma and delta","Baculoviridae"
"HG425343","135653",2014-01-06,"Spodoptera exigua multiple nucleopolyhedrovirus","alpha, gamma and delta","Baculoviridae"
"HG425344","134972",2014-01-06,"Spodoptera exigua multiple nucleopolyhedrovirus","alpha, gamma and delta","Baculoviridae"
"HG425345","142709",2014-01-06,"Spodoptera exigua multiple nucleopolyhedrovirus","alpha, gamma and delta","Baculoviridae"
"HG425346","135292",2014-01-06,"Spodoptera exigua multiple nucleopolyhedrovirus","alpha, gamma and delta","Baculoviridae"
"HG425347","135556",2014-01-06,"Spodoptera exigua multiple nucleopolyhedrovirus","alpha, gamma and delta","Baculoviridae"
"HG425348","135718",2014-01-06,"Spodoptera exigua multiple nucleopolyhedrovirus","alpha, gamma and delta","Baculoviridae"
"HG425349","135395",2014-01-06,"Spodoptera exigua multiple nucleopolyhedrovirus","alpha, gamma and delta","Baculoviridae"
"JX193905","141454",2014-01-05,"Dendrolimus kikuchii nucleopolyhedrovirus","alpha, gamma and delta","Baculoviridae"
"NC_023177","124688",2014-01-05,"Choristoneura murinana nucleopolyhedrovirus","alpha, gamma and delta","Baculoviridae"
"KF894742","124688",2013-12-25,"Choristoneura murinana nucleopolyhedrovirus","alpha, gamma and delta","Baculoviridae"
"KF695050","163138",2013-12-22,"Lymantria dispar multiple nucleopolyhedrovirus","alpha, gamma and delta","Baculoviridae"
"NC_022646","101818",2013-11-04,"Clostera anastomosis granulovirus Henan","beta","Baculoviridae"
"KC179784","101818",2013-10-21,"Clostera anastomosis granulovirus Henan","beta","Baculoviridae"
"KF306215","127901",2013-10-05,"Bombyx mori nucleopolyhedrovirus","alpha, gamma and delta","Baculoviridae"
"KF306216","126406",2013-10-05,"Bombyx mori nucleopolyhedrovirus","alpha, gamma and delta","Baculoviridae"
"KF306217","125437",2013-10-05,"Bombyx mori nucleopolyhedrovirus","alpha, gamma and delta","Baculoviridae"
"JX535500","149684",2013-09-20,"Chrysodeixis chalcites SNPV TF1-A","alpha, gamma and delta","Baculoviridae"
"JX560539","150079",2013-09-20,"Chrysodeixis chalcites nucleopolyhedrovirus (ChchNPV)","alpha, gamma and delta","Baculoviridae"
"JX560540","149080",2013-09-20,"Chrysodeixis chalcites nucleopolyhedrovirus (ChchNPV)","alpha, gamma and delta","Baculoviridae"
"JX560541","149039",2013-09-20,"Chrysodeixis chalcites nucleopolyhedrovirus (ChchNPV)","alpha, gamma and delta","Baculoviridae"
"JX560542","149624",2013-09-20,"Chrysodeixis chalcites nucleopolyhedrovirus (ChchNPV)","alpha, gamma and delta","Baculoviridae"
"JX968491","108658",2013-08-13,"Pieris rapae granulovirus","beta","Baculoviridae"
"KC960018","130145",2013-08-07,"Ectropis obliqua nucleopolyhedrovirus","alpha, gamma and delta","Baculoviridae"
"NC_021923","140633",2013-08-06,"Hemileuca sp. nucleopolyhedrovirus","alpha, gamma and delta","Baculoviridae"
"NC_021924","129052",2013-08-05,"Choristoneura rosaceana nucleopolyhedrovirus","alpha, gamma and delta","Baculoviridae"
"KC961303","128446",2013-07-28,"Choristoneura occidentalis alphabaculovirus","alpha, gamma and delta","Baculoviridae"
"KC961304","129052",2013-07-28,"Choristoneura rosaceana nucleopolyhedrovirus","alpha, gamma and delta","Baculoviridae"
"KF158713","140633",2013-07-28,"Hemileuca sp. nucleopolyhedrovirus","alpha, gamma and delta","Baculoviridae"
"KF022001","141651",2013-07-21,"Autographa californica nucleopolyhedrovirus","alpha, gamma and delta","Baculoviridae"
"JX454574","137998",2013-02-15,"Spodoptera littoralis nucleopolyhedrovirus","alpha, gamma and delta","Baculoviridae"
"NC_019945","132978",2013-01-02,"Thysanoplusia orichalcea nucleopolyhedrovirus","alpha, gamma and delta","Baculoviridae"
"JQ991008","126125",2012-12-30,"Bombyx mori nucleopolyhedrovirus","alpha, gamma and delta","Baculoviridae"
"JQ991011","126843",2012-12-30,"Bombyx mori nucleopolyhedrovirus","alpha, gamma and delta","Baculoviridae"
"JX467702","132978",2012-12-19,"Thysanoplusia orichalcea nucleopolyhedrovirus","alpha, gamma and delta","Baculoviridae"
"JX404026","125376",2012-12-09,"Philosamia cynthia ricini nucleopolyhedrovirus virus","alpha, gamma and delta","Baculoviridae"
"NC_018875","119082",2012-10-18,"Epinotia aporema granulovirus","beta","Baculoviridae"
"JN408834","119082",2012-10-17,"Epinotia aporema granulovirus","beta","Baculoviridae"
"JQ991010","126879",2012-10-16,"Bombyx mori nucleopolyhedrovirus","alpha, gamma and delta","Baculoviridae"
"NC_018504","123876",2012-08-28,"Apocheima cinerarium nucleopolyhedrovirus","alpha, gamma and delta","Baculoviridae"
"JX138237","154451",2012-08-22,"Mamestra brassicae multiple nucleopolyhedrovirus","alpha, gamma and delta","Baculoviridae"
"JQ071499","129646",2012-07-28,"Bombyx mandarina nucleopolyhedrovirus S2","alpha, gamma and delta","Baculoviridae"
"JQ991009","127465",2012-07-08,"Bombyx mori nucleopolyhedrovirus","alpha, gamma and delta","Baculoviridae"
"JQ798165","152710",2012-06-11,"Mamestra brassicae multiple nucleopolyhedrovirus","alpha, gamma and delta","Baculoviridae"
"JF899325","128034",2012-04-17,"Spodoptera frugiperda multiple nucleopolyhedrovirus","alpha, gamma and delta","Baculoviridae"
"JN584482","130992",2011-08-30,"Helicoverpa armigera NPV strain Australia","alpha, gamma and delta","Baculoviridae"
"NC_015398","101487",2011-05-27,"Clostera anachoreta granulovirus","beta","Baculoviridae"
"JA222069","133894",2011-04-26,"Autographa californica nucleopolyhedrovirus","alpha, gamma and delta","Baculoviridae"
"JA223504","133894",2011-04-26,"Autographa californica nucleopolyhedrovirus","alpha, gamma and delta","Baculoviridae"
"HQ116624","101487",2011-04-11,"Clostera anachoreta granulovirus","beta","Baculoviridae"
"HM595733","132954",2011-01-30,"Spodoptera frugiperda multiple nucleopolyhedrovirus","alpha, gamma and delta","Baculoviridae"
"GU111736","108476",2010-12-30,"Pieris rapae granulovirus","beta","Baculoviridae"
"FJ914221","123876",2010-06-01,"Apocheima cinerarium nucleopolyhedrovirus","alpha, gamma and delta","Baculoviridae"
"NC_013953","156344",2010-03-29,"Lymantria xylina nucleopolyhedrovirus","alpha, gamma and delta","Baculoviridae"
"GQ202541","156344",2010-03-20,"Lymantria xylina nucleopolyhedrovirus","alpha, gamma and delta","Baculoviridae"
"NC_013797","108592",2010-02-11,"Betabaculovirus arrapae","beta","Baculoviridae"
"NC_013772","176677",2010-01-30,"Pseudalatia unipuncta granulovirus","beta","Baculoviridae"
"GQ884143","108592",2009-12-31,"Betabaculovirus arrapae","beta","Baculoviridae"
"FJ882854","126770",2009-05-06,"Bombyx mandarina nucleopolyhedrovirus","alpha, gamma and delta","Baculoviridae"
"NC_012639","141291",2009-04-30,"Euproctis pseudoconspersa nucleopolyhedrovirus","alpha, gamma and delta","Baculoviridae"
"FJ227128","141291",2009-04-28,"Euproctis pseudoconspersa nucleopolyhedrovirus","alpha, gamma and delta","Baculoviridae"
"NC_011616","148634",2008-12-01,"Spodoptera litura nucleopolyhedrovirus II","alpha, gamma and delta","Baculoviridae"
"EU730893","154196",2008-11-30,"Helicoverpa armigera multiple nucleopolyhedrovirus","alpha, gamma and delta","Baculoviridae"
"EU780426","148634",2008-11-30,"Spodoptera litura nucleopolyhedrovirus II","alpha, gamma and delta","Baculoviridae"
"EU678671","176677",2008-10-31,"Pseudalatia unipuncta granulovirus","beta","Baculoviridae"
"NC_011423","111724",2008-10-28,"Adoxophyes orana nucleopolyhedrovirus","alpha, gamma and delta","Baculoviridae"
"EU591746","111724",2008-10-26,"Adoxophyes orana nucleopolyhedrovirus","alpha, gamma and delta","Baculoviridae"
"AP010907","132425",2008-10-10,"Helicoverpa armigera NPV NNg1","alpha, gamma and delta","Baculoviridae"
"EU839994","155122",2008-10-08,"Agrotis ipsilon multiple nucleopolyhedrovirus","alpha, gamma and delta","Baculoviridae"
"NC_011345","155122",2008-10-08,"Agrotis ipsilon multiple nucleopolyhedrovirus (AgipMNPV)","alpha, gamma and delta","Baculoviridae"
"EU258200","132565",2008-04-26,"Spodoptera frugiperda multiple nucleopolyhedrovirus","alpha, gamma and delta","Baculoviridae"
"NC_010276","156179",2008-01-18,"Orgyia leucostigma nucleopolyhedrovirus","alpha, gamma and delta","Baculoviridae"
"EU309041","156179",2008-01-16,"Orgyia leucostigma nucleopolyhedrovirus","alpha, gamma and delta","Baculoviridae"
"NC_010240","169794",2008-01-09,"Helicoverpa armigera granulovirus","beta","Baculoviridae"
"EU255577","169794",2008-01-01,"Helicoverpa armigera granulovirus","beta","Baculoviridae"
"EF207986","126246",2007-09-20,"Antheraea pernyi nucleopolyhedrovirus","alpha, gamma and delta","Baculoviridae"
"NC_009503","124121",2007-05-30,"Spodoptera litura granulovirus","beta","Baculoviridae"
"NC_009011","131331",2007-02-16,"Spodoptera frugiperda multiple nucleopolyhedrovirus","alpha, gamma and delta","Baculoviridae"
"EF035042","131331",2007-01-10,"Spodoptera frugiperda multiple nucleopolyhedrovirus","alpha, gamma and delta","Baculoviridae"
"NC_008725","111953",2006-12-27,"Maruca vitrata nucleopolyhedrovirus","alpha, gamma and delta","Baculoviridae"
"EF125867","111953",2006-12-23,"Maruca vitrata nucleopolyhedrovirus","alpha, gamma and delta","Baculoviridae"
"NC_008586","131204",2006-11-21,"Ectropis obliqua nucleopolyhedrovirus (EoNPV)","alpha, gamma and delta","Baculoviridae"
"DQ837165","131204",2006-10-31,"Ectropis obliqua nucleopolyhedrovirus (EoNPV)","alpha, gamma and delta","Baculoviridae"
"NC_008520","132239",2006-10-21,"Anticarsia gemmatalis nucleopolyhedrovirus","alpha, gamma and delta","Baculoviridae"
"DQ813662","132239",2006-10-01,"Anticarsia gemmatalis multiple nucleopolyhedrovirus","alpha, gamma and delta","Baculoviridae"
"NC_008348","168041",2006-09-16,"Leucania separata nucleopolyhedrovirus","alpha, gamma and delta","Baculoviridae"
"DQ457003","134417",2006-09-01,"Plutella xylostella multiple nucleopolyhedrovirus","alpha, gamma and delta","Baculoviridae"
"AY394490","168041",2006-08-29,"Leucania separata nucleopolyhedrovirus","alpha, gamma and delta","Baculoviridae"
"NC_008293","135454",2006-08-24,"Clanis bilineata nucleopolyhedrovirus","alpha, gamma and delta","Baculoviridae"
"DQ504428","135454",2006-08-18,"Clanis bilineata nucleopolyhedrovirus","alpha, gamma and delta","Baculoviridae"
"NC_008252","84264",2006-07-24,"Neodiprion abietis nucleopolyhedrovirus","alpha, gamma and delta","Baculoviridae"
"DQ317692","84264",2006-06-30,"Neodiprion abietis nucleopolyhedrovirus","alpha, gamma and delta","Baculoviridae"
"NC_008168","104710",2006-06-19,"Choristoneura fumiferana granulovirus","beta","Baculoviridae"
"DQ333351","104710",2006-06-12,"Choristoneura fumiferana granulovirus","beta","Baculoviridae"
"NC_008035","126629",2006-05-16,"Antheraea pernyi nucleopolyhedrovirus (AnpeNPV)","alpha, gamma and delta","Baculoviridae"
"DQ486030","126629",2006-05-14,"Antheraea pernyi nucleopolyhedrovirus (AnpeNPV)","alpha, gamma and delta","Baculoviridae"
"NC_007921","147544",2006-03-27,"Agrotis segetum nucleopolyhedrovirus A","alpha, gamma and delta","Baculoviridae"
"DQ123841","147544",2006-03-03,"Agrotis segetum nucleopolyhedrovirus A","alpha, gamma and delta","Baculoviridae"
"NC_007767","132959",2006-02-02,"Hyphantria cunea nucleopolyhedrovirus","alpha, gamma and delta","Baculoviridae"
"AP009046","132959",2006-01-31,"Hyphantria cunea nucleopolyhedrovirus","alpha, gamma and delta","Baculoviridae"
"DQ288858","124121",2005-12-07,"Spodoptera litura granulovirus","beta","Baculoviridae"
"NC_007383","134394",2005-09-07,"Trichoplusia ni single nucleopolyhedrovirus","alpha, gamma and delta","Baculoviridae"
"DQ017380","134394",2005-07-31,"Trichoplusia ni single nucleopolyhedrovirus","alpha, gamma and delta","Baculoviridae"
"NC_007151","149622",2005-06-29,"Chrysodeixis chalcites nucleopolyhedrovirus (ChchNPV)","alpha, gamma and delta","Baculoviridae"
"AY864330","149622",2005-06-25,"Chrysodeixis chalcites nucleopolyhedrovirus (ChchNPV)","alpha, gamma and delta","Baculoviridae"
"NC_005905","86462",2004-06-17,"Neodiprion sertifer nucleopolyhedrovirus","alpha, gamma and delta","Baculoviridae"
"NC_005906","81755",2004-06-17,"Neodiprion lecontei nucleopolyhedrovirus","alpha, gamma and delta","Baculoviridae"
"AY349019","81755",2004-06-15,"Neodiprion lecontei nucleopolyhedrovirus","alpha, gamma and delta","Baculoviridae"
"AY430810","86462",2004-06-14,"Neodiprion sertifer nucleopolyhedrovirus","alpha, gamma and delta","Baculoviridae"
"AY522332","131680",2004-03-05,"Agrotis segetum granulovirus","beta","Baculoviridae"
"CQ774045","131616",2004-03-04,"Agrotis segetum granulovirus","beta","Baculoviridae"
"NC_005137","131160",2003-10-11,"Choristoneura fumiferana DEF multiple nucleopolyhedrovirus (CfDEFNPV)","alpha, gamma and delta","Baculoviridae"
"AY327402","131160",2003-10-08,"Choristoneura fumiferana DEF multiple nucleopolyhedrovirus (CfDEFNPV)","alpha, gamma and delta","Baculoviridae"
"AF539999","153656",2003-09-23,"Mamestra configurata nucleopolyhedrovirus A","alpha, gamma and delta","Baculoviridae"
"NC_005068","110907",2003-08-13,"Cryptophlebia leucotreta granulovirus","beta","Baculoviridae"
"AY229987","110907",2003-08-11,"Cryptophlebia leucotreta granulovirus","beta","Baculoviridae"
"NC_005038","99657",2003-07-15,"Adoxophyes orana granulovirus","beta","Baculoviridae"
"AF547984","99657",2003-07-11,"Adoxophyes orana granulovirus","beta","Baculoviridae"
"NC_004778","129593",2003-05-06,"Choristoneura fumiferana multiple nucleopolyhedrovirus","alpha, gamma and delta","Baculoviridae"
"AF512031","129593",2003-05-01,"Choristoneura fumiferana multiple nucleopolyhedrovirus","alpha, gamma and delta","Baculoviridae"
"NC_004690","113220",2003-04-05,"Adoxophyes honmai nucleopolyhedrovirus","alpha, gamma and delta","Baculoviridae"
"AP006270","113220",2003-04-02,"Adoxophyes honmai nucleopolyhedrovirus","alpha, gamma and delta","Baculoviridae"
"AY145471","131526",2002-10-02,"Rachiplusia ou multiple nucleopolyhedrovirus","alpha, gamma and delta","Baculoviridae"
"NC_004323","131526",2002-10-02,"Rachiplusia ou multiple nucleopolyhedrovirus","alpha, gamma and delta","Baculoviridae"
"AY126275","158482",2002-08-25,"Mamestra configurata nucleopolyhedrovirus B","alpha, gamma and delta","Baculoviridae"
"NC_004117","158482",2002-08-25,"Mamestra configurata nucleopolyhedrovirus B","alpha, gamma and delta","Baculoviridae"
"AF499596","119217",2002-07-01,"Phthorimaea operculella granulovirus","beta","Baculoviridae"
"NC_004062","119217",2002-07-01,"Phthorimaea operculella granulovirus","beta","Baculoviridae"
"AF334030","130869",2002-01-01,"Helicoverpa zea single nucleopolyhedrovirus (HzSNPV)","alpha, gamma and delta","Baculoviridae"
"AF325155","139342",2001-09-11,"Spodoptera litura nucleopolyhedrovirus","alpha, gamma and delta","Baculoviridae"
"NC_003102","139342",2001-09-11,"Spodoptera litura nucleopolyhedrovirus","alpha, gamma and delta","Baculoviridae"
"AF303045","130759",2001-08-31,"Helicoverpa armigera nucleopolyhedrovirus","alpha, gamma and delta","Baculoviridae"
"NC_003094","130759",2001-08-31,"Helicoverpa armigera nucleopolyhedrovirus","alpha, gamma and delta","Baculoviridae"
"AF403738","108252",2001-08-22,"Culex nigripalpus nucleopolyhedrovirus","alpha, gamma and delta","Baculoviridae"
"NC_003084","108252",2001-08-22,"Culex nigripalpus nucleopolyhedrovirus","alpha, gamma and delta","Baculoviridae"
"AY043265","118584",2001-08-19,"Epiphyas postvittana nucleopolyhedrovirus","alpha, gamma and delta","Baculoviridae"
"NC_003083","118584",2001-08-19,"Epiphyas postvittana nucleopolyhedrovirus","alpha, gamma and delta","Baculoviridae"
"NC_002816","123500",2001-04-02,"Cydia pomonella granulovirus","beta","Baculoviridae"
"U53466","123500",2001-04-02,"Cydia pomonella granulovirus","beta","Baculoviridae"
"AF271059","131405",2001-01-25,"Helicoverpa armigera nucleopolyhedrovirus G4","alpha, gamma and delta","Baculoviridae"
"NC_002654","131405",2001-01-25,"Helicoverpa armigera nucleopolyhedrovirus G4","alpha, gamma and delta","Baculoviridae"
"AF270937","100999",2000-10-29,"Plutella xylostella granulovirus","beta","Baculoviridae"
"NC_002593","100999",2000-10-29,"Plutella xylostella granulovirus","beta","Baculoviridae"
"NC_002331","178733",2000-06-07,"Xestia c-nigrum granulovirus","beta","Baculoviridae"
"AF169823","135611",1999-12-29,"Spodoptera exigua multiple nucleopolyhedrovirus","alpha, gamma and delta","Baculoviridae"
"NC_002169","135611",1999-12-29,"Spodoptera exigua multiple nucleopolyhedrovirus","alpha, gamma and delta","Baculoviridae"
"AF162221","178733",1999-11-02,"Xestia c-nigrum granulovirus","beta","Baculoviridae"
"AF081810","161046",1998-11-03,"Lymantria dispar multiple nucleopolyhedrovirus","alpha, gamma and delta","Baculoviridae"
"NC_001973","161046",1998-11-03,"Lymantria dispar multiple nucleopolyhedrovirus","alpha, gamma and delta","Baculoviridae"
"NC_003529","155060",1997-03-29,"Mamestra configurata nucleopolyhedrovirus A","alpha, gamma and delta","Baculoviridae"
"MBU59461","155060",1997-03-29,"Mamestra configurata nucleopolyhedrovirus A","alpha, gamma and delta","Baculoviridae"
"NC_001875","131995",1997-03-27,"Orgyia pseudotsugata multiple nucleopolyhedrovirus","alpha, gamma and delta","Baculoviridae"
"OPU75930","131995",1997-03-27,"Orgyia pseudotsugata multiple nucleopolyhedrovirus","alpha, gamma and delta","Baculoviridae"
"NPHT3COMP","128413",1996-01-18,"Bombyx mori nucleopolyhedrovirus","alpha, gamma and delta","Baculoviridae"
"NC_001962","128413",1996-01-18,"Bombyx mori nucleopolyhedrovirus","alpha, gamma and delta","Baculoviridae"
"L22858","133894",1994-07-16,"Autographa californica nucleopolyhedrovirus","alpha, gamma and delta","Baculoviridae"
"NC_001623","133894",1994-07-16,"Autographa californica nucleopolyhedrovirus","alpha, gamma and delta","Baculoviridae"
"KU050077","190291",2016-02-03,"Glossina pallidipes salivary gland hypertrophy virus (GpSGHVEth)",NA,"Hytrosaviridae"
"EF568108","190032",2008-02-21,"Glossina pallidipes salivary gland hypertrophy virus",NA,"Hytrosaviridae"
"NC_010356","190032",2008-02-25,"Glossina pallidipes salivary gland hypertrophy virus",NA,"Hytrosaviridae"
"ON052824","129342",2023-01-18,"Drosophila suzukii associated hytrosavirus 1",NA,"Hytrosaviridae"
"EU522111","124279",2008-05-05,"Musca domestica salivary gland hypertrophy virus",NA,"Hytrosaviridae"
"NC_010671","124279",2008-05-09,"Musca domestica salivary gland hypertrophy virus",NA,"Hytrosaviridae"
"LC738883","416069",2022-11-10,"Armadillidium vulgare clopovirus (crustacean metagenome)",NA,"Nimaviridae"
"LC738878","401182",2022-11-10,"Metapenaeus joyneri majanivirus (crustacean metagenome)",NA,"Nimaviridae"
"LC738871","360489",2022-11-10,"Penaeus monodon majanivirus B (crustacean metagenome)",NA,"Nimaviridae"
"LC738875","359647",2022-11-10,"Melicertus latisulcatus pemonivirus (crustacean metagenome)",NA,"Nimaviridae"
"LC738881","347493",2022-11-10,"Sicyonia whispovirus (crustacean metagenome)",NA,"Nimaviridae"
"LC738877","341283",2022-11-10,"Metapenaeus ensis nimavirus (crustacean metagenome)",NA,"Nimaviridae"
"LC738880","331684",2022-11-10,"Trachysalambria curvirostris nimavirus (crustacean metagenome)",NA,"Nimaviridae"
"AP027202","323944",2023-01-14,"Marsupenaeus japonicus pemonivirus (crustacean metagenome)",NA,"Nimaviridae"
"AP027280","311562",2023-02-11,"White spot syndrome virus (crustacean metagenome)",NA,"Nimaviridae"
"KT995472","309286",2015-11-18,"White spot syndrome virus",NA,"Nimaviridae"
"NC_003225","309286",2001-11-20,"White spot syndrome virus",NA,"Nimaviridae"
"PP134839","309286",2024-01-30,"White spot syndrome virus",NA,"Nimaviridae"
"PP134840","309286",2024-01-30,"White spot syndrome virus",NA,"Nimaviridae"
"PP134841","309286",2024-01-30,"White spot syndrome virus",NA,"Nimaviridae"
"PP134842","309286",2024-01-30,"White spot syndrome virus",NA,"Nimaviridae"
"AF440570","307287",2002-03-15,"Shrimp white spot syndrome virus",NA,"Nimaviridae"
"LC738868","306008",2022-11-10,"Marsupenaeus japonicus endogenous nimavirus (crustacean metagenome)",NA,"Nimaviridae"
"AF332093","305119",2001-11-20,"Shrimp white spot syndrome virus (white spot bacilliform virus)",NA,"Nimaviridae"
"NC_075105","305119",2023-05-04,"Shrimp white spot syndrome virus (white spot bacilliform virus)",NA,"Nimaviridae"
"AX151396","305107",2001-06-22,"Shrimp white spot syndrome virus",NA,"Nimaviridae"
"MN840357","305094",2020-01-13,"White spot syndrome virus",NA,"Nimaviridae"
"AP027281","301236",2023-02-11,"White spot syndrome virus (crustacean metagenome)",NA,"Nimaviridae"
"AP027282","301054",2023-02-11,"White spot syndrome virus (crustacean metagenome)",NA,"Nimaviridae"
"KX686117","300223",2018-04-11,"White spot syndrome virus",NA,"Nimaviridae"
"KU216744","300087",2016-01-24,"White spot syndrome virus",NA,"Nimaviridae"
"LC738869","300002",2022-11-10,"Penaeus monodon endogenous nimavirus (crustacean metagenome)",NA,"Nimaviridae"
"AP027278","299976",2023-02-11,"White spot syndrome virus (crustacean metagenome)",NA,"Nimaviridae"
"AP027284","298496",2023-02-11,"White spot syndrome virus (crustacean metagenome)",NA,"Nimaviridae"
"JX515788","295884",2012-11-20,"White spot syndrome virus",NA,"Nimaviridae"
"AP027283","295104",2023-02-11,"White spot syndrome virus (crustacean metagenome)",NA,"Nimaviridae"
"KT995470","294261",2015-11-18,"White spot syndrome virus",NA,"Nimaviridae"
"LC738870","294144",2022-11-10,"Penaeus monodon majanivirus A (crustacean metagenome)",NA,"Nimaviridae"
"AP027279","293923",2023-02-11,"White spot syndrome virus (crustacean metagenome)",NA,"Nimaviridae"
"OQ657458","293023",2024-02-22,"White spot syndrome virus",NA,"Nimaviridae"
"AF369029","292967",2001-07-26,"White spot syndrome virus",NA,"Nimaviridae"
"MF784752","292912",2018-01-08,"White spot syndrome virus",NA,"Nimaviridae"
"LC738876","292272",2022-11-10,"Metapenaeus ensis majanivirus (crustacean metagenome)",NA,"Nimaviridae"
"ON457602","292172",2023-02-13,"White spot syndrome virus",NA,"Nimaviridae"
"LC738873","291934",2022-11-10,"Penaeus semisulcatus majanivirus (crustacean metagenome)",NA,"Nimaviridae"
"MG432477","290879",2018-06-10,"Shrimp white spot syndrome virus",NA,"Nimaviridae"
"MG432475","289870",2018-06-10,"Shrimp white spot syndrome virus",NA,"Nimaviridae"
"AP027286","289353",2023-02-11,"White spot syndrome virus (crustacean metagenome)",NA,"Nimaviridae"
"AP027287","289352",2023-02-11,"White spot syndrome virus (crustacean metagenome)",NA,"Nimaviridae"
"AP027285","289287",2023-02-11,"White spot syndrome virus (crustacean metagenome)",NA,"Nimaviridae"
"MH090824","288997",2018-05-29,"White spot syndrome virus",NA,"Nimaviridae"
"AP027289","288494",2023-02-11,"White spot syndrome virus (crustacean metagenome)",NA,"Nimaviridae"
"AP027288","288252",2023-02-11,"White spot syndrome virus (crustacean metagenome)",NA,"Nimaviridae"
"PP128491","288229",2024-01-24,"White spot syndrome virus",NA,"Nimaviridae"
"PP128489","288217",2024-01-24,"White spot syndrome virus",NA,"Nimaviridae"
"AP027290","288190",2023-02-11,"White spot syndrome virus (crustacean metagenome)",NA,"Nimaviridae"
"MH663976","287179",2019-08-30,"Procambarus clarkii virus",NA,"Nimaviridae"
"LC738874","287061",2022-11-10,"Melicertus latisulcatus majanivirus (crustacean metagenome)",NA,"Nimaviridae"
"OQ858617","285974",2023-10-25,"White spot syndrome virus",NA,"Nimaviridae"
"MF768985","285973",2017-11-13,"White spot syndrome virus",NA,"Nimaviridae"
"MW248106","285601",2021-05-31,"White spot syndrome virus (shrimp metagenome)",NA,"Nimaviridae"
"AP027155","285096",2023-01-12,"Chiromantes dehaani nimavirus (crustacean metagenome)",NA,"Nimaviridae"
"KT995471","284148",2015-11-18,"White spot syndrome virus",NA,"Nimaviridae"
"MG432479","283858",2018-06-10,"Shrimp white spot syndrome virus",NA,"Nimaviridae"
"LC738879","283150",2022-11-10,"Trachysalambria curvirostris majanivirus (crustacean metagenome)",NA,"Nimaviridae"
"MW248107","281813",2021-05-31,"White spot syndrome virus (shrimp metagenome)",NA,"Nimaviridae"
"MW248108","281160",2021-05-31,"White spot syndrome virus (shrimp metagenome)",NA,"Nimaviridae"
"KY827813","281054",2017-06-19,"White spot syndrome virus",NA,"Nimaviridae"
"MG702567","280591",2018-01-16,"White spot syndrome virus",NA,"Nimaviridae"
"LC738872","280452",2022-11-10,"Litopenaeus vannamei majanivirus Nimav-1_LVa (crustacean metagenome)",NA,"Nimaviridae"
"PP128490","279886",2024-01-24,"White spot syndrome virus",NA,"Nimaviridae"
"OM350393","278607",2022-04-02,"White spot syndrome virus",NA,"Nimaviridae"
"MG432481","278223",2018-06-10,"Shrimp white spot syndrome virus",NA,"Nimaviridae"
"AP027152","277334",2023-01-12,"Penaeus semisulcatus pemonivirus (crustacean metagenome)",NA,"Nimaviridae"
"MG432476","277297",2018-06-10,"Shrimp white spot syndrome virus",NA,"Nimaviridae"
"PP057889","277275",2024-01-07,"White spot syndrome virus",NA,"Nimaviridae"
"MH883319","276835",2018-11-21,"White spot syndrome virus",NA,"Nimaviridae"
"LC738885","276272",2022-11-10,"Pasiphaea japonica whispovirus (crustacean metagenome)",NA,"Nimaviridae"
"OR636681","273795",2023-12-03,"White spot syndrome virus",NA,"Nimaviridae"
"MG432478","272607",2018-06-10,"Shrimp white spot syndrome virus",NA,"Nimaviridae"
"MH883318","270609",2018-11-21,"White spot syndrome virus",NA,"Nimaviridae"
"MG432480","270274",2018-06-10,"Shrimp white spot syndrome virus",NA,"Nimaviridae"
"AP027153","267951",2023-01-12,"Metapenaeopsis lamellata majanivirus (crustacean metagenome)",NA,"Nimaviridae"
"LC738884","267936",2022-11-10,"Sesarmops intermedium nimavirus (crustacean metagenome)",NA,"Nimaviridae"
"MG432474","263174",2018-06-10,"Shrimp white spot syndrome virus",NA,"Nimaviridae"
"MG432482","257675",2018-06-10,"Shrimp white spot syndrome virus",NA,"Nimaviridae"
"LC738882","251731",2022-11-10,"Hemigrapsus takanoi nimavirus (crustacean metagenome)",NA,"Nimaviridae"
"LC741431","243979",2022-12-09,"Chionoecetes opilio bacilliform virus",NA,"Nimaviridae"
"PP057925","221305",2024-01-07,"White spot syndrome virus",NA,"Nimaviridae"
"BFCD01000001","217415",2018-10-26,"Marsupenaeus japonicus endogenous nimavirus",NA,"Nimaviridae"
"PP057911","156552",2024-01-07,"White spot syndrome virus",NA,"Nimaviridae"
"BFCF01000001","150120",2018-10-26,"Penaeus monodon endogenous nimavirus",NA,"Nimaviridae"
